Workbook

Sheet data
A1: uuid | B1: warehouse_id | C1: timestamp | D1: date | E1: temperature | F1: humidity | G1: voc | H1: carbon_dioxide | I1: hydrogen_sulfide | J1: ammonia | K1: oxygen | L1: mac_id | M1: device
A2: f93bcfb4-dd4f-4f9a-833a-d8e71c098931 | B2: WC001 | C2: 0.70750453 | D2: 44460 | E2: 33.78 | F2: 43.38 | G2: 95 | H2: 1062 | I2: 0.03 | J2: 0.08 | K2: 19.85 | L2: 9C:9C:1F:C5:72:E0 | M2: ML001
A3: 61426863-c2c3-4bd7-89ea-3ad329c6a7b7 | B3: WC001 | C3: 0.71097714 | D3: 44460 | E3: 32.64 | F3: 42.36 | G3: 91 | H3: 1067 | I3: 0.03 | J3: 0.08 | K3: 19.83 | L3: 9C:9C:1F:C5:72:E0 | M3: ML001
A4: e252e520-9cff-49a4-9b93-a4f9e6687dd0 | B4: WC001 | C4: 0.71444864 | D4: 44460 | E4: 32.08 | F4: 41.59 | G4: 87 | H4: 1055 | I4: 0.03 | J4: 0.08 | K4: 19.78 | L4: 9C:9C:1F:C5:72:E0 | M4: ML001
A5: b15784f3-38a1-43fa-b7ce-98aee7364106 | B5: WC001 | C5: 0.71792042 | D5: 44460 | E5: 31.68 | F5: 41.41 | G5: 84 | H5: 1072 | I5: 0.03 | J5: 0.09 | K5: 19.75 | L5: 9C:9C:1F:C5:72:E0 | M5: ML001
A6: 3391ec4b-8e2c-483a-a3f7-71e74a962d1b | B6: WC001 | C6: 0.72139392 | D6: 44460 | E6: 31.43 | F6: 41.63 | G6: 80 | H6: 1043 | I6: 0.03 | J6: 0.08 | K6: 19.73 | L6: 9C:9C:1F:C5:72:E0 | M6: ML001
A7: 5e5109b9-d2b8-4297-83e6-aae093fc20f9 | B7: WC001 | C7: 0.72486524 | D7: 44460 | E7: 31.26 | F7: 42.13 | G7: 77 | H7: 1057 | I7: 0.03 | J7: 0.09 | K7: 19.7 | L7: 9C:9C:1F:C5:72:E0 | M7: ML001
A8: 475075aa-cd22-4c5e-ae9f-f8c37141f72f | B8: WC001 | C8: 0.72833786 | D8: 44460 | E8: 31.08 | F8: 42.47 | G8: 74 | H8: 1042 | I8: 0.03 | J8: 0.09 | K8: 19.69 | L8: 9C:9C:1F:C5:72:E0 | M8: ML001
A9: 586bcabe-85f8-4736-8092-c88876e69bfb | B9: WC001 | C9: 0.73180927 | D9: 44460 | E9: 30.98 | F9: 43.07 | G9: 71 | H9: 1042 | I9: 0.03 | J9: 0.1 | K9: 19.65 | L9: 9C:9C:1F:C5:72:E0 | M9: ML001
A10: bbdcc798-0c80-4a4a-bc93-ebaa21d4ac33 | B10: WC001 | C10: 0.73528189 | D10: 44460 | E10: 30.87 | F10: 43.68 | G10: 68 | H10: 1064 | I10: 0.03 | J10: 0.1 | K10: 19.67 | L10: 9C:9C:1F:C5:72:E0 | M10: ML001
A11: 9d5a2625-1b45-41e8-a11c-814469e76da1 | B11: WC001 | C11: 0.7387545 | D11: 44460 | E11: 30.83 | F11: 44.61 | G11: 66 | H11: 1025 | I11: 0.03 | J11: 0.1 | K11: 19.66 | L11: 9C:9C:1F:C5:72:E0 | M11: ML001
A12: 7eb7b1fc-0a80-428b-8c4a-281748f3b090 | B12: WC001 | C12: 0.74222594 | D12: 44460 | E12: 30.81 | F12: 45.34 | G12: 64 | H12: 1021 | I12: 0.03 | J12: 0.1 | K12: 19.64 | L12: 9C:9C:1F:C5:72:E0 | M12: ML001
A13: 7a834395-069c-4153-8b77-7aeeb87d523e | B13: WC001 | C13: 0.74569867 | D13: 44460 | E13: 30.83 | F13: 45.62 | G13: 62 | H13: 1045 | I13: 0.04 | J13: 0.11 | K13: 19.64 | L13: 9C:9C:1F:C5:72:E0 | M13: ML001
... A225: 5f649757-0b4c-4891-b1b4-b086bdeedf2d | B225: WC001 | C225: 0.49886125 | D225: 44461 | E225: 31.29 | F225: 68.3 | G225: 119 | H225: 724 | I225: 6.78 | J225: 768.23 | K225: 19.54 | L225: 9C:9C:1F:C5:72:E0 | M225: ML001

Sheet Sheet1
A1: TIMESTAMP | B1: HUMIDTY | D1: TIMESTAMP | E1: VOC | G1: TIMESTAMP | H1: CO2 | J1: TIMESTAMP | K1: H2S | M1: TIMESTAMP | N1: NH3 | P1: TIMESTAMP | Q1: O2
A2: =data!N2 -> 0 | B2: =data!F2 -> 43.38 | D2: =A2 -> 0 | E2: =data!G2 -> 95 | G2: =D2 -> 0 | H2: =data!H2 -> 1062 | J2: =G2 -> 0 | K2: =data!I2 -> 0.03 | M2: =J2 -> 0 | N2: =data!J2 -> 0.08 | P2: =M2 -> 0 | Q2: =data!K2 -> 19.85
A3: =data!N3 -> 0 | B3: =data!F3 -> 42.36 | D3: =A3 -> 0 | E3: =data!G3 -> 91 | G3: =D3 -> 0 | H3: =data!H3 -> 1067 | J3: =G3 -> 0 | K3: =data!I3 -> 0.03 | M3: =J3 -> 0 | N3: =data!J3 -> 0.08 | P3: =M3 -> 0 | Q3: =data!K3 -> 19.83
A4: =data!N4 -> 0 | B4: =data!F4 -> 41.59 | D4: =A4 -> 0 | E4: =data!G4 -> 87 | G4: =D4 -> 0 | H4: =data!H4 -> 1055 | J4: =G4 -> 0 | K4: =data!I4 -> 0.03 | M4: =J4 -> 0 | N4: =data!J4 -> 0.08 | P4: =M4 -> 0 | Q4: =data!K4 -> 19.78
A5: =data!N5 -> 0 | B5: =data!F5 -> 41.41 | D5: =A5 -> 0 | E5: =data!G5 -> 84 | G5: =D5 -> 0 | H5: =data!H5 -> 1072 | J5: =G5 -> 0 | K5: =data!I5 -> 0.03 | M5: =J5 -> 0 | N5: =data!J5 -> 0.09 | P5: =M5 -> 0 | Q5: =data!K5 -> 19.75
A6: =data!N6 -> 0 | B6: =data!F6 -> 41.63 | D6: =A6 -> 0 | E6: =data!G6 -> 80 | G6: =D6 -> 0 | H6: =data!H6 -> 1043 | J6: =G6 -> 0 | K6: =data!I6 -> 0.03 | M6: =J6 -> 0 | N6: =data!J6 -> 0.08 | P6: =M6 -> 0 | Q6: =data!K6 -> 19.73
A7: =data!N7 -> 0 | B7: =data!F7 -> 42.13 | D7: =A7 -> 0 | E7: =data!G7 -> 77 | G7: =D7 -> 0 | H7: =data!H7 -> 1057 | J7: =G7 -> 0 | K7: =data!I7 -> 0.03 | M7: =J7 -> 0 | N7: =data!J7 -> 0.09 | P7: =M7 -> 0 | Q7: =data!K7 -> 19.7
A8: =data!N8 -> 0 | B8: =data!F8 -> 42.47 | D8: =A8 -> 0 | E8: =data!G8 -> 74 | G8: =D8 -> 0 | H8: =data!H8 -> 1042 | J8: =G8 -> 0 | K8: =data!I8 -> 0.03 | M8: =J8 -> 0 | N8: =data!J8 -> 0.09 | P8: =M8 -> 0 | Q8: =data!K8 -> 19.69
A9: =data!N9 -> 0 | B9: =data!F9 -> 43.07 | D9: =A9 -> 0 | E9: =data!G9 -> 71 | G9: =D9 -> 0 | H9: =data!H9 -> 1042 | J9: =G9 -> 0 | K9: =data!I9 -> 0.03 | M9: =J9 -> 0 | N9: =data!J9 -> 0.1 | P9: =M9 -> 0 | Q9: =data!K9 -> 19.65
A10: =data!N10 -> 0 | B10: =data!F10 -> 43.68 | D10: =A10 -> 0 | E10: =data!G10 -> 68 | G10: =D10 -> 0 | H10: =data!H10 -> 1064 | J10: =G10 -> 0 | K10: =data!I10 -> 0.03 | M10: =J10 -> 0 | N10: =data!J10 -> 0.1 | P10: =M10 -> 0 | Q10: =data!K10 -> 19.67
A11: =data!N11 -> 0 | B11: =data!F11 -> 44.61 | D11: =A11 -> 0 | E11: =data!G11 -> 66 | G11: =D11 -> 0 | H11: =data!H11 -> 1025 | J11: =G11 -> 0 | K11: =data!I11 -> 0.03 | M11: =J11 -> 0 | N11: =data!J11 -> 0.1 | P11: =M11 -> 0 | Q11: =data!K11 -> 19.66
A12: =data!N12 -> 0 | B12: =data!F12 -> 45.34 | D12: =A12 -> 0 | E12: =data!G12 -> 64 | G12: =D12 -> 0 | H12: =data!H12 -> 1021 | J12: =G12 -> 0 | K12: =data!I12 -> 0.03 | M12: =J12 -> 0 | N12: =data!J12 -> 0.1 | P12: =M12 -> 0 | Q12: =data!K12 -> 19.64
A13: =data!N13 -> 0 | B13: =data!F13 -> 45.62 | D13: =A13 -> 0 | E13: =data!G13 -> 62 | G13: =D13 -> 0 | H13: =data!H13 -> 1045 | J13: =G13 -> 0 | K13: =data!I13 -> 0.04 | M13: =J13 -> 0 | N13: =data!J13 -> 0.11 | P13: =M13 -> 0 | Q13: =data!K13 -> 19.64
... A375: =data!N375 -> 0 | B375: =data!F375 -> 0 | D375: =A375 -> 0 | E375: =data!G375 -> 0 | G375: =D375 -> 0 | H375: =data!H375 -> 0 | J375: =G375 -> 0 | K375: =data!I375 -> 0 | M375: =J375 -> 0 | N375: =data!J375 -> 0 | P375: =M375 -> 0 | Q375: =data!K375 -> 0

Sheet GRAPH
