Workbook

Sheet GRAPH

Sheet data
A1: uuid | B1: warehouse_id | C1: timestamp | D1: date | E1: temperature | F1: humidity | G1: voc | H1: carbon_dioxide | I1: hydrogen_sulfide | J1: ammonia | K1: oxygen | L1: mac_id | M1: device
A2: dc443dc4-1c25-4e30-8f38-6a97a1fc93af | B2: WC001 | C2: 0.73616242 | D2: 44462 | E2: 32.92 | F2: 46.33 | G2: 90 | H2: 693 | I2: 0.05 | J2: 1.37 | K2: 19.88 | L2: 9C:9C:1F:C5:72:E0 | M2: ML001
A3: accfcb5d-af86-49ba-8248-0d243dbdef26 | B3: WC001 | C3: 0.73963406 | D3: 44462 | E3: 32.73 | F3: 42.57 | G3: 93 | H3: 732 | I3: 0.05 | J3: 1.45 | K3: 19.89 | L3: 9C:9C:1F:C5:72:E0 | M3: ML001
A4: 7b57d724-5109-4154-8157-ca64bf4b9fe5 | B4: WC001 | C4: 0.74310657 | D4: 44462 | E4: 32.59 | F4: 41.57 | G4: 97 | H4: 725 | I4: 0.05 | J4: 1.45 | K4: 19.89 | L4: 9C:9C:1F:C5:72:E0 | M4: ML001
A5: fd5d4c7f-b0d4-4d3c-9512-af5ed6256304 | B5: WC001 | C5: 0.74657923 | D5: 44462 | E5: 32.48 | F5: 42.69 | G5: 101 | H5: 748 | I5: 0.05 | J5: 1.3 | K5: 19.89 | L5: 9C:9C:1F:C5:72:E0 | M5: ML001
A6: f989305b-e1de-493f-b3cc-67befa74cb2c | B6: WC001 | C6: 0.75005077 | D6: 44462 | E6: 32.39 | F6: 43.28 | G6: 105 | H6: 787 | I6: 0.06 | J6: 1.42 | K6: 19.87 | L6: 9C:9C:1F:C5:72:E0 | M6: ML001
A7: 44667e59-8d09-47f6-8a83-524b3a042d1f | B7: WC001 | C7: 0.75352312 | D7: 44462 | E7: 32.28 | F7: 44.04 | G7: 109 | H7: 800 | I7: 0.06 | J7: 1.47 | K7: 19.84 | L7: 9C:9C:1F:C5:72:E0 | M7: ML001
A8: 42f2a90e-d459-42f4-bde2-15686c3af82e | B8: WC001 | C8: 0.75699455 | D8: 44462 | E8: 32.22 | F8: 44.61 | G8: 113 | H8: 767 | I8: 0.06 | J8: 1.41 | K8: 19.84 | L8: 9C:9C:1F:C5:72:E0 | M8: ML001
A9: 2434e405-6296-4b0e-9c9e-77dd8b0b2555 | B9: WC001 | C9: 0.76046734 | D9: 44462 | E9: 32.18 | F9: 45 | G9: 116 | H9: 787 | I9: 0.06 | J9: 1.62 | K9: 19.84 | L9: 9C:9C:1F:C5:72:E0 | M9: ML001
A10: eb167047-f5de-4160-9823-857383b6de6c | B10: WC001 | C10: 0.76393982 | D10: 44462 | E10: 32.13 | F10: 45.5 | G10: 119 | H10: 718 | I10: 0.06 | J10: 1.44 | K10: 19.83 | L10: 9C:9C:1F:C5:72:E0 | M10: ML001
A11: d5a75401-78c0-4f81-a184-31a97a7dc885 | B11: WC001 | C11: 0.76741131 | D11: 44462 | E11: 32.15 | F11: 45.91 | G11: 123 | H11: 738 | I11: 0.06 | J11: 1.6 | K11: 19.82 | L11: 9C:9C:1F:C5:72:E0 | M11: ML001
A12: 5da51643-e6f4-4742-8dbd-400f6ab76be6 | B12: WC001 | C12: 0.77088401 | D12: 44462 | E12: 32.11 | F12: 46.42 | G12: 126 | H12: 739 | I12: 0.06 | J12: 1.54 | K12: 19.83 | L12: 9C:9C:1F:C5:72:E0 | M12: ML001
A13: 5c751535-4de5-4279-ab9e-c4b5fe1da3c9 | B13: WC001 | C13: 0.77435526 | D13: 44462 | E13: 32.12 | F13: 46.66 | G13: 128 | H13: 701 | I13: 0.07 | J13: 1.54 | K13: 19.85 | L13: 9C:9C:1F:C5:72:E0 | M13: ML001
... A193: 45cde995-3967-4092-ae56-289713c3511a | B193: WC001 | C193: 0.41227155 | D193: 44463 | E193: 32.31 | F193: 51.48 | G193: 92 | H193: 485 | I193: 0.37 | J193: 12.34 | K193: 19.83 | L193: 9C:9C:1F:C5:72:E0 | M193: ML001

Sheet Sheet1
A1: TIMESTAMP | B1: HUMIDTY | D1: TIMESTAMP | E1: VOC | G1: TIMESTAMP | H1: CO2 | J1: TIMESTAMP | K1: H2S | M1: TIMESTAMP | N1: NH3 | P1: TIMESTAMP | Q1: O2
A2: =data!N2 -> 0 | B2: =data!F2 -> 46.33 | D2: =data!N2 -> 0 | E2: =data!G2 -> 90 | G2: =data!N2 -> 0 | H2: =data!H2 -> 693 | J2: =data!N2 -> 0 | K2: =data!I2 -> 0.05 | M2: =data!N2 -> 0 | N2: =data!J2 -> 1.37 | P2: =data!N2 -> 0 | Q2: =data!K2 -> 19.88
A3: =data!N3 -> 0 | B3: =data!F3 -> 42.57 | D3: =data!N3 -> 0 | E3: =data!G3 -> 93 | G3: =data!N3 -> 0 | H3: =data!H3 -> 732 | J3: =data!N3 -> 0 | K3: =data!I3 -> 0.05 | M3: =data!N3 -> 0 | N3: =data!J3 -> 1.45 | P3: =data!N3 -> 0 | Q3: =data!K3 -> 19.89
A4: =data!N4 -> 0 | B4: =data!F4 -> 41.57 | D4: =data!N4 -> 0 | E4: =data!G4 -> 97 | G4: =data!N4 -> 0 | H4: =data!H4 -> 725 | J4: =data!N4 -> 0 | K4: =data!I4 -> 0.05 | M4: =data!N4 -> 0 | N4: =data!J4 -> 1.45 | P4: =data!N4 -> 0 | Q4: =data!K4 -> 19.89
A5: =data!N5 -> 0 | B5: =data!F5 -> 42.69 | D5: =data!N5 -> 0 | E5: =data!G5 -> 101 | G5: =data!N5 -> 0 | H5: =data!H5 -> 748 | J5: =data!N5 -> 0 | K5: =data!I5 -> 0.05 | M5: =data!N5 -> 0 | N5: =data!J5 -> 1.3 | P5: =data!N5 -> 0 | Q5: =data!K5 -> 19.89
A6: =data!N6 -> 0 | B6: =data!F6 -> 43.28 | D6: =data!N6 -> 0 | E6: =data!G6 -> 105 | G6: =data!N6 -> 0 | H6: =data!H6 -> 787 | J6: =data!N6 -> 0 | K6: =data!I6 -> 0.06 | M6: =data!N6 -> 0 | N6: =data!J6 -> 1.42 | P6: =data!N6 -> 0 | Q6: =data!K6 -> 19.87
A7: =data!N7 -> 0 | B7: =data!F7 -> 44.04 | D7: =data!N7 -> 0 | E7: =data!G7 -> 109 | G7: =data!N7 -> 0 | H7: =data!H7 -> 800 | J7: =data!N7 -> 0 | K7: =data!I7 -> 0.06 | M7: =data!N7 -> 0 | N7: =data!J7 -> 1.47 | P7: =data!N7 -> 0 | Q7: =data!K7 -> 19.84
A8: =data!N8 -> 0 | B8: =data!F8 -> 44.61 | D8: =data!N8 -> 0 | E8: =data!G8 -> 113 | G8: =data!N8 -> 0 | H8: =data!H8 -> 767 | J8: =data!N8 -> 0 | K8: =data!I8 -> 0.06 | M8: =data!N8 -> 0 | N8: =data!J8 -> 1.41 | P8: =data!N8 -> 0 | Q8: =data!K8 -> 19.84
A9: =data!N9 -> 0 | B9: =data!F9 -> 45 | D9: =data!N9 -> 0 | E9: =data!G9 -> 116 | G9: =data!N9 -> 0 | H9: =data!H9 -> 787 | J9: =data!N9 -> 0 | K9: =data!I9 -> 0.06 | M9: =data!N9 -> 0 | N9: =data!J9 -> 1.62 | P9: =data!N9 -> 0 | Q9: =data!K9 -> 19.84
A10: =data!N10 -> 0 | B10: =data!F10 -> 45.5 | D10: =data!N10 -> 0 | E10: =data!G10 -> 119 | G10: =data!N10 -> 0 | H10: =data!H10 -> 718 | J10: =data!N10 -> 0 | K10: =data!I10 -> 0.06 | M10: =data!N10 -> 0 | N10: =data!J10 -> 1.44 | P10: =data!N10 -> 0 | Q10: =data!K10 -> 19.83
A11: =data!N11 -> 0 | B11: =data!F11 -> 45.91 | D11: =data!N11 -> 0 | E11: =data!G11 -> 123 | G11: =data!N11 -> 0 | H11: =data!H11 -> 738 | J11: =data!N11 -> 0 | K11: =data!I11 -> 0.06 | M11: =data!N11 -> 0 | N11: =data!J11 -> 1.6 | P11: =data!N11 -> 0 | Q11: =data!K11 -> 19.82
A12: =data!N12 -> 0 | B12: =data!F12 -> 46.42 | D12: =data!N12 -> 0 | E12: =data!G12 -> 126 | G12: =data!N12 -> 0 | H12: =data!H12 -> 739 | J12: =data!N12 -> 0 | K12: =data!I12 -> 0.06 | M12: =data!N12 -> 0 | N12: =data!J12 -> 1.54 | P12: =data!N12 -> 0 | Q12: =data!K12 -> 19.83
A13: =data!N13 -> 0 | B13: =data!F13 -> 46.66 | D13: =data!N13 -> 0 | E13: =data!G13 -> 128 | G13: =data!N13 -> 0 | H13: =data!H13 -> 701 | J13: =data!N13 -> 0 | K13: =data!I13 -> 0.07 | M13: =data!N13 -> 0 | N13: =data!J13 -> 1.54 | P13: =data!N13 -> 0 | Q13: =data!K13 -> 19.85
... A228: =data!N228 -> 0 | B228: =data!F228 -> 0 | D228: =data!N228 -> 0 | E228: =data!G228 -> 0 | G228: =data!N228 -> 0 | H228: =data!H228 -> 0 | J228: =data!N228 -> 0 | K228: =data!I228 -> 0 | M228: =data!N228 -> 0 | N228: =data!J228 -> 0 | P228: =data!N228 -> 0 | Q228: =data!K228 -> 0
D229: =data!N229 -> 0 | E229: =data!G229 -> 0 | G229: =data!N229 -> 0 | H229: =data!H229 -> 0 | J229: =data!N229 -> 0 | K229: =data!I229 -> 0 | M229: =data!N229 -> 0 | N229: =data!J229 -> 0 | P229: =data!N229 -> 0 | Q229: =data!K229 -> 0
D230: =data!N230 -> 0 | E230: =data!G230 -> 0 | G230: =data!N230 -> 0 | H230: =data!H230 -> 0 | J230: =data!N230 -> 0 | K230: =data!I230 -> 0 | M230: =data!N230 -> 0 | N230: =data!J230 -> 0 | P230: =data!N230 -> 0 | Q230: =data!K230 -> 0
D231: =data!N231 -> 0 | E231: =data!G231 -> 0 | G231: =data!N231 -> 0 | H231: =data!H231 -> 0 | J231: =data!N231 -> 0 | K231: =data!I231 -> 0 | M231: =data!N231 -> 0 | N231: =data!J231 -> 0 | P231: =data!N231 -> 0 | Q231: =data!K231 -> 0
D232: =data!N232 -> 0 | E232: =data!G232 -> 0 | G232: =data!N232 -> 0 | H232: =data!H232 -> 0 | J232: =data!N232 -> 0 | K232: =data!I232 -> 0 | M232: =data!N232 -> 0 | N232: =data!J232 -> 0 | P232: =data!N232 -> 0 | Q232: =data!K232 -> 0
D233: =data!N233 -> 0 | E233: =data!G233 -> 0 | G233: =data!N233 -> 0 | H233: =data!H233 -> 0 | J233: =data!N233 -> 0 | K233: =data!I233 -> 0 | M233: =data!N233 -> 0 | N233: =data!J233 -> 0 | P233: =data!N233 -> 0 | Q233: =data!K233 -> 0
D234: =data!N234 -> 0 | E234: =data!G234 -> 0 | G234: =data!N234 -> 0 | H234: =data!H234 -> 0 | J234: =data!N234 -> 0 | K234: =data!I234 -> 0 | M234: =data!N234 -> 0 | N234: =data!J234 -> 0 | P234: =data!N234 -> 0 | Q234: =data!K234 -> 0
D235: =data!N235 -> 0 | E235: =data!G235 -> 0 | G235: =data!N235 -> 0 | H235: =data!H235 -> 0 | J235: =data!N235 -> 0 | K235: =data!I235 -> 0 | M235: =data!N235 -> 0 | N235: =data!J235 -> 0 | P235: =data!N235 -> 0 | Q235: =data!K235 -> 0
D236: =data!N236 -> 0 | E236: =data!G236 -> 0 | G236: =data!N236 -> 0 | H236: =data!H236 -> 0 | J236: =data!N236 -> 0 | K236: =data!I236 -> 0 | M236: =data!N236 -> 0 | N236: =data!J236 -> 0 | P236: =data!N236 -> 0 | Q236: =data!K236 -> 0
D237: =data!N237 -> 0 | E237: =data!G237 -> 0 | G237: =data!N237 -> 0 | H237: =data!H237 -> 0 | J237: =data!N237 -> 0 | K237: =data!I237 -> 0 | M237: =data!N237 -> 0 | N237: =data!J237 -> 0 | P237: =data!N237 -> 0 | Q237: =data!K237 -> 0
D238: =data!N238 -> 0 | E238: =data!G238 -> 0 | G238: =data!N238 -> 0 | H238: =data!H238 -> 0 | J238: =data!N238 -> 0 | K238: =data!I238 -> 0 | M238: =data!N238 -> 0 | N238: =data!J238 -> 0 | P238: =data!N238 -> 0 | Q238: =data!K238 -> 0
D239: =data!N239 -> 0 | E239: =data!G239 -> 0 | G239: =data!N239 -> 0 | H239: =data!H239 -> 0 | J239: =data!N239 -> 0 | K239: =data!I239 -> 0 | M239: =data!N239 -> 0 | N239: =data!J239 -> 0 | P239: =data!N239 -> 0 | Q239: =data!K239 -> 0
D240: =data!N240 -> 0 | E240: =data!G240 -> 0 | G240: =data!N240 -> 0 | H240: =data!H240 -> 0 | J240: =data!N240 -> 0 | K240: =data!I240 -> 0 | M240: =data!N240 -> 0 | N240: =data!J240 -> 0 | P240: =data!N240 -> 0 | Q240: =data!K240 -> 0
... D522: =data!N522 -> 0 | E522: =data!G522 -> 0 | G522: =data!N522 -> 0 | H522: =data!H522 -> 0 | J522: =data!N522 -> 0 | K522: =data!I522 -> 0 | M522: =data!N522 -> 0 | N522: =data!J522 -> 0 | P522: =data!N522 -> 0 | Q522: =data!K522 -> 0
